ideTarifaFornecimento,nomDistribuidora,nomConcessao,vlrTarifa,sigUF,qtdIdsreag,idcEvento,dthVigencia,nomREH,vlrTE,vlrTUSD,vlrTarifaFinalInteira,vlrTarifaFinal,nomUF,sigRegiao,nomREHRes,numREH,anoREH,dthProcessamento
1,AmE,Concessionária,0.536,AM,102,1,01/04/2017,RESOLUÇÃO HOMOLOGATÓRIA Nº 2.214, DE 28 DE MARÇO DE 2017,255.42,280.85,536.00,536.27,Amazonas,N ,REH Nº 2.214/2017,2214,2017,13/09/2017 00:00:00
2,Ampla,Concessionária,0.512,RJ,103,2,01/04/2017,RESOLUÇÃO HOMOLOGATÓRIA Nº 2.214, DE 28 DE MARÇO DE 2017,244.38,268.01,512.00,512.39,Rio de Janeiro,SE,REH Nº 2.214/2017,2214,2017,13/09/2017 00:00:00
3,Bandeirante,Concessionária,0.398,SP,104,4,01/04/2017,RESOLUÇÃO HOMOLOGATÓRIA Nº 2.214, DE 28 DE MARÇO DE 2017,224.85,172.65,398.00,397.50,Sao Paulo,SE,REH Nº 2.214/2017,2214,2017,13/09/2017 00:00:00
4,Boa Vista,Concessionária,0.337,RR,105,0,01/11/2016,RESOLUÇÃO HOMOLOGATÓRIA Nº 2.166, DE 1 DE NOVEMBRO DE 2016,194.18,143.11,337.00,337.29,Roraima,N ,REH Nº 2.166/2016,2166,2016,13/09/2017 00:00:00
5,CEA,Concessionária,0.392,AP,107,1,01/04/2017,RESOLUÇÃO HOMOLOGATÓRIA Nº 2.214, DE 28 DE MARÇO DE 2017,157.14,235.03,392.00,392.17,Amapa,N ,REH Nº 2.214/2017,2214,2017,13/09/2017 00:00:00
6,Ceal,Concessionária,0.428,AL,108,1,01/04/2017,RESOLUÇÃO HOMOLOGATÓRIA Nº 2.214, DE 28 DE MARÇO DE 2017,205.62,222.42,428.00,428.04,Alagoas,NE,REH Nº 2.214/2017,2214,2017,13/09/2017 00:00:00
7,CEB-DIS,Concessionária,0.452,DF,109,1,01/04/2017,RESOLUÇÃO HOMOLOGATÓRIA Nº 2.214, DE 28 DE MARÇO DE 2017,263.70,187.99,452.00,451.69,Distrito Federal,CO,REH Nº 2.214/2017,2214,2017,13/09/2017 00:00:00
8,Cedrap,Permissionária,0.464,SP,201,0,31/08/2017,RESOLUÇÃO HOMOLOGATÓRIA Nº 2.295, DE 22 DE AGOSTO DE 2017,244.05,220.02,464.00,464.07,Sao Paulo,SE,REH Nº 2.295/2017,2295,2017,29/06/2018 00:00:00
9,Cedri,Permissionária,0.660,SP,202,1,01/04/2017,RESOLUÇÃO HOMOLOGATÓRIA Nº 2.214, DE 28 DE MARÇO DE 2017,95.06,564.49,660.00,659.55,Sao Paulo,SE,REH Nº 2.214/2017,2214,2017,13/09/2017 00:00:00
10,CEEE-D,Concessionária,0.391,RS,110,1,01/04/2017,RESOLUÇÃO HOMOLOGATÓRIA Nº 2.214, DE 28 DE MARÇO DE 2017,208.75,182.41,391.00,391.16,Rio Grande do Sul,S ,REH Nº 2.214/2017,2214,2017,13/09/2017 00:00:00
11,Cejama,Permissionária,0.492,SC,216,1,01/04/2017,RESOLUÇÃO HOMOLOGATÓRIA Nº 2.214, DE 28 DE MARÇO DE 2017,119.93,371.79,492.00,491.72,Santa Catarina,S ,REH Nº 2.214/2017,2214,2017,13/09/2017 00:00:00
12,Celesc-DIS,Concessionária,0.460,SC,111,0,22/08/2017,RESOLUÇÃO HOMOLOGATÓRIA Nº 2.286, DE 15 DE AGOSTO DE 2017,276.78,183.07,460.00,459.85,Santa Catarina,S ,REH Nº 2.286/2017,2286,2017,29/06/2018 00:00:00
13,Celg-D,Concessionária,0.420,GO,112,1,01/04/2017,RESOLUÇÃO HOMOLOGATÓRIA Nº 2.214, DE 28 DE MARÇO DE 2017,214.10,206.05,420.00,420.15,Goias,CO,REH Nº 2.214/2017,2214,2017,13/09/2017 00:00:00
14,Celpa,Concessionária,0.599,PA,113,0,07/08/2017,RESOLUÇÃO HOMOLOGATÓRIA Nº 2.284, DE 31 DE JULHO DE 2017,245.70,353.32,599.00,599.02,Para,N ,REH Nº 2.284/2017,2284,2017,29/06/2018 00:00:00
15,Celpe,Concessionária,0.480,PE,114,0,29/04/2017,RESOLUÇÃO HOMOLOGATÓRIA Nº 2.226, DE 25 DE ABRIL DE 2017,232.67,247.69,480.00,480.36,Pernambuco,NE,REH Nº 2.226/2017,2226,2017,13/09/2017 00:00:00
16,Cemar,Concessionária,0.561,MA,116,0,28/08/2017,RESOLUÇÃO HOMOLOGATÓRIA Nº 2.289, DE 22 DE AGOSTO DE 2017,225.22,335.69,561.00,560.91,Maranhao,NE,REH Nº 2.289/2017,2289,2017,29/06/2018 00:00:00
17,Cemig-D,Concessionária,0.494,MG,118,0,28/05/2017,RESOLUÇÃO HOMOLOGATÓRIA Nº 2.248, DE 23 DE MAIO DE 2017,246.35,247.79,494.00,494.14,Minas Gerais,SE,REH Nº 2.248/2017,2248,2017,13/09/2017 00:00:00
18,Cepisa,Concessionária,0.437,PI,119,1,01/04/2017,RESOLUÇÃO HOMOLOGATÓRIA Nº 2.214, DE 28 DE MARÇO DE 2017,193.13,243.94,437.00,437.07,Piaui,NE,REH Nº 2.214/2017,2214,2017,13/09/2017 00:00:00
19,Ceprag,Permissionária,0.504,SC,217,1,01/04/2017,RESOLUÇÃO HOMOLOGATÓRIA Nº 2.214, DE 28 DE MARÇO DE 2017,75.63,428.64,504.00,504.27,Santa Catarina,S ,REH Nº 2.214/2017,2214,2017,13/09/2017 00:00:00
20,Ceraça,Permissionária,0.384,SC,218,1,01/04/2017,RESOLUÇÃO HOMOLOGATÓRIA Nº 2.214, DE 28 DE MARÇO DE 2017,56.73,327.58,384.00,384.31,Santa Catarina,S ,REH Nº 2.214/2017,2214,2017,13/09/2017 00:00:00
21,Ceral Anitápolis,Permissionária,0.511,SC,219,1,01/04/2017,RESOLUÇÃO HOMOLOGATÓRIA Nº 2.214, DE 28 DE MARÇO DE 2017,19.72,491.58,511.00,511.30,Santa Catarina,S ,REH Nº 2.214/2017,2214,2017,13/09/2017 00:00:00
22,Ceral DIS,Permissionária,0.390,PR,248,0,30/07/2017,RESOLUÇÃO HOMOLOGATÓRIA Nº 2.273, DE 18 DE JULHO DE 2017,148.69,241.04,390.00,389.73,Parana,S ,REH Nº 2.273/2017,2273,2017,29/06/2018 00:00:00
23,Cerbranorte,Permissionária,0.409,SC,220,1,01/04/2017,RESOLUÇÃO HOMOLOGATÓRIA Nº 2.214, DE 28 DE MARÇO DE 2017,137.22,272.01,409.00,409.23,Santa Catarina,S ,REH Nº 2.214/2017,2214,2017,13/09/2017 00:00:00
24,Cercos,Permissionária,0.682,SE,254,0,29/04/2017,RESOLUÇÃO HOMOLOGATÓRIA Nº 2.230, DE 25 DE ABRIL DE 2017,158.88,523.05,682.00,681.93,Sergipe,NE,REH Nº 2.230/2017,2230,2017,13/09/2017 00:00:00
25,Cerej,Permissionária,0.455,SC,221,1,01/04/2017,RESOLUÇÃO HOMOLOGATÓRIA Nº 2.214, DE 28 DE MARÇO DE 2017,57.75,397.03,455.00,454.78,Santa Catarina,S ,REH Nº 2.214/2017,2214,2017,13/09/2017 00:00:00
26,Ceres,Permissionária,0.533,RJ,252,2,22/03/2015,RESOLUÇÃO HOMOLOGATÓRIA Nº 1.946, DE 1 DE SETEMBRO DE 2015,28.44,504.64,533.00,533.08,Rio de Janeiro,SE,REH Nº 1.946/2015,1946,2015,13/09/2017 00:00:00
27,Cergal,Permissionária,0.426,SC,222,1,01/04/2017,RESOLUÇÃO HOMOLOGATÓRIA Nº 2.214, DE 28 DE MARÇO DE 2017,85.58,340.87,426.00,426.45,Santa Catarina,S ,REH Nº 2.214/2017,2214,2017,13/09/2017 00:00:00
28,Cergapa,Permissionária,0.400,SC,223,1,01/04/2017,RESOLUÇÃO HOMOLOGATÓRIA Nº 2.214, DE 28 DE MARÇO DE 2017,51.00,348.57,400.00,399.57,Santa Catarina,S ,REH Nº 2.214/2017,2214,2017,13/09/2017 00:00:00
29,Cergral,Permissionária,0.428,SC,224,1,01/04/2017,RESOLUÇÃO HOMOLOGATÓRIA Nº 2.214, DE 28 DE MARÇO DE 2017,80.06,347.91,428.00,427.97,Santa Catarina,S ,REH Nº 2.214/2017,2214,2017,13/09/2017 00:00:00
30,Ceriluz,Permissionária,0.416,RS,237,0,30/07/2017,RESOLUÇÃO HOMOLOGATÓRIA Nº 2.275, DE 25 DE JULHO DE 2017,56.04,359.68,416.00,415.72,Rio Grande do Sul,S ,REH Nº 2.275/2017,2275,2017,29/06/2018 00:00:00
31,Cerim,Permissionária,0.535,SP,205,1,01/04/2017,RESOLUÇÃO HOMOLOGATÓRIA Nº 2.214, DE 28 DE MARÇO DE 2017,98.03,436.92,535.00,534.95,Sao Paulo,SE,REH Nº 2.214/2017,2214,2017,13/09/2017 00:00:00
32,Ceripa,Permissionária,0.525,SP,206,0,29/04/2017,RESOLUÇÃO HOMOLOGATÓRIA Nº 2.229, DE 25 DE ABRIL DE 2017,141.10,383.83,525.00,524.93,Sao Paulo,SE,REH Nº 2.229/2017,2229,2017,13/09/2017 00:00:00
33,Ceris,Permissionária,0.441,SP,207,0,11/07/2017,RESOLUÇÃO HOMOLOGATÓRIA Nº 2.266, DE 4 DE JULHO DE 2017,92.95,348.35,441.00,441.30,Sao Paulo,SE,REH Nº 2.266/2017,2266,2017,29/06/2018 00:00:00
34,CERMC,Permissionária,0.457,SP,208,1,01/04/2017,RESOLUÇÃO HOMOLOGATÓRIA Nº 2.214, DE 28 DE MARÇO DE 2017,132.11,324.95,457.00,457.06,Sao Paulo,SE,REH Nº 2.214/2017,2214,2017,13/09/2017 00:00:00
35,Cermissões,Permissionária,0.538,RS,238,0,30/07/2017,RESOLUÇÃO HOMOLOGATÓRIA Nº 2.278, DE 25 DE JULHO DE 2017,125.89,412.04,538.00,537.93,Rio Grande do Sul,S ,REH Nº 2.278/2017,2278,2017,29/06/2018 00:00:00
36,Cermoful,Permissionária,0.353,SC,225,1,01/04/2017,RESOLUÇÃO HOMOLOGATÓRIA Nº 2.214, DE 28 DE MARÇO DE 2017,46.57,306.81,353.00,353.38,Santa Catarina,S ,REH Nº 2.214/2017,2214,2017,13/09/2017 00:00:00
37,Cernhe,Permissionária,0.712,SP,209,0,17/05/2017,RESOLUÇÃO HOMOLOGATÓRIA Nº 2.244, DE 16 DE MAIO DE 2017,138.01,574.45,712.00,712.46,Sao Paulo,SE,REH Nº 2.244/2017,2244,2017,13/09/2017 00:00:00
38,Ceron,Concessionária,0.456,RO,120,1,01/04/2017,RESOLUÇÃO HOMOLOGATÓRIA Nº 2.214, DE 28 DE MARÇO DE 2017,250.42,205.25,456.00,455.67,Rondonia,N ,REH Nº 2.214/2017,2214,2017,13/09/2017 00:00:00
39,Cerpalo,Permissionária,0.480,SC,226,1,01/04/2017,RESOLUÇÃO HOMOLOGATÓRIA Nº 2.214, DE 28 DE MARÇO DE 2017,58.26,422.09,480.00,480.35,Santa Catarina,S ,REH Nº 2.214/2017,2214,2017,13/09/2017 00:00:00
40,Cerpro,Permissionária,0.468,SP,210,0,29/05/2017,RESOLUÇÃO HOMOLOGATÓRIA Nº 2.249, DE 23 DE MAIO DE 2017,133.59,334.36,468.00,467.95,Sao Paulo,SE,REH Nº 2.249/2017,2249,2017,13/09/2017 00:00:00
41,CERRP,Permissionária,0.512,SP,211,0,15/04/2017,RESOLUÇÃO HOMOLOGATÓRIA Nº 2.220, DE 11 DE ABRIL DE 2017,142.09,369.47,512.00,511.56,Sao Paulo,SE,REH Nº 2.220/2017,2220,2017,13/09/2017 00:00:00
42,Cersul,Permissionária,0.329,SC,228,1,01/04/2017,RESOLUÇÃO HOMOLOGATÓRIA Nº 2.214, DE 28 DE MARÇO DE 2017,68.16,260.57,329.00,328.73,Santa Catarina,S ,REH Nº 2.214/2017,2214,2017,13/09/2017 00:00:00
43,Certaja,Permissionária,0.551,RS,239,0,29/05/2017,RESOLUÇÃO HOMOLOGATÓRIA Nº 2.250, DE 23 DE MAIO DE 2017,140.25,410.79,551.00,551.04,Rio Grande do Sul,S ,REH Nº 2.250/2017,2250,2017,13/09/2017 00:00:00
44,Certel,Permissionária,0.384,RS,240,0,30/07/2017,RESOLUÇÃO HOMOLOGATÓRIA Nº 2.276, DE 25 DE JULHO DE 2017,105.05,278.94,384.00,383.99,Rio Grande do Sul,S ,REH Nº 2.276/2017,2276,2017,29/06/2018 00:00:00
45,Certrel,Permissionária,0.364,SC,229,1,01/04/2017,RESOLUÇÃO HOMOLOGATÓRIA Nº 2.214, DE 28 DE MARÇO DE 2017,11.64,352.17,364.00,363.81,Santa Catarina,S ,REH Nº 2.214/2017,2214,2017,13/09/2017 00:00:00
46,Cetril,Permissionária,0.580,SP,213,1,01/04/2017,RESOLUÇÃO HOMOLOGATÓRIA Nº 2.214, DE 28 DE MARÇO DE 2017,121.86,458.27,580.00,580.13,Sao Paulo,SE,REH Nº 2.214/2017,2214,2017,13/09/2017 00:00:00
47,Chesp,Concessionária,0.518,GO,123,2,01/04/2017,RESOLUÇÃO HOMOLOGATÓRIA Nº 2.214, DE 28 DE MARÇO DE 2017,210.25,307.53,518.00,517.78,Goias,CO,REH Nº 2.214/2017,2214,2017,13/09/2017 00:00:00
48,Cocel,Concessionária,0.547,PR,128,0,29/06/2017,RESOLUÇÃO HOMOLOGATÓRIA Nº 2.256, DE 20 DE JUNHO DE 2017,290.11,256.79,547.00,546.90,Parana,S ,REH Nº 2.256/2017,2256,2017,29/06/2018 00:00:00
49,Coelba,Concessionária,0.443,BA,129,0,22/04/2017,RESOLUÇÃO HOMOLOGATÓRIA Nº 2.222, DE 18 DE ABRIL DE 2017,215.17,227.34,443.00,442.51,Bahia,NE,REH Nº 2.222/2017,2222,2017,13/09/2017 00:00:00
50,Coelce,Concessionária,0.474,CE,130,0,22/04/2017,RESOLUÇÃO HOMOLOGATÓRIA Nº 2.223, DE 18 DE ABRIL DE 2017,248.64,225.05,474.00,473.69,Ceara,NE,REH Nº 2.223/2017,2223,2017,13/09/2017 00:00:00
51,Coopera,Permissionária,0.294,SC,230,1,01/04/2017,RESOLUÇÃO HOMOLOGATÓRIA Nº 2.214, DE 28 DE MARÇO DE 2017,77.29,216.66,294.00,293.95,Santa Catarina,S ,REH Nº 2.214/2017,2214,2017,13/09/2017 00:00:00
52,Cooperaliança,Concessionária,0.380,SC,131,0,29/08/2017,RESOLUÇÃO HOMOLOGATÓRIA Nº 2.292, DE 22 DE AGOSTO DE 2017,155.79,224.38,380.00,380.17,Santa Catarina,S ,REH Nº 2.292/2017,2292,2017,29/06/2018 00:00:00
53,Coopercocal,Permissionária,0.313,SC,231,1,01/04/2017,RESOLUÇÃO HOMOLOGATÓRIA Nº 2.214, DE 28 DE MARÇO DE 2017,42.40,270.66,313.00,313.06,Santa Catarina,S ,REH Nº 2.214/2017,2214,2017,13/09/2017 00:00:00
54,Cooperluz,Permissionária,0.507,RS,242,0,30/07/2017,RESOLUÇÃO HOMOLOGATÓRIA Nº 2.279, DE 25 DE JULHO DE 2017,79.61,427.46,507.00,507.07,Rio Grande do Sul,S ,REH Nº 2.279/2017,2279,2017,29/06/2018 00:00:00
55,Coopermila,Permissionária,0.417,SC,232,1,01/04/2017,RESOLUÇÃO HOMOLOGATÓRIA Nº 2.214, DE 28 DE MARÇO DE 2017,125.39,291.52,417.00,416.91,Santa Catarina,S ,REH Nº 2.214/2017,2214,2017,13/09/2017 00:00:00
56,Coorsel,Permissionária,0.474,SC,234,1,01/04/2017,RESOLUÇÃO HOMOLOGATÓRIA Nº 2.214, DE 28 DE MARÇO DE 2017,57.37,416.30,474.00,473.67,Santa Catarina,S ,REH Nº 2.214/2017,2214,2017,13/09/2017 00:00:00
57,Copel-DIS,Concessionária,0.441,PR,132,0,24/06/2017,RESOLUÇÃO HOMOLOGATÓRIA Nº 2.255, DE 20 DE JUNHO DE 2017,249.32,191.24,441.00,440.56,Parana,S ,REH Nº 2.255/2017,2255,2017,29/06/2018 00:00:00
58,Coprel,Permissionária,0.497,RS,245,0,30/07/2017,RESOLUÇÃO HOMOLOGATÓRIA Nº 2.280, DE 25 DE JULHO DE 2017,134.36,362.90,497.00,497.26,Rio Grande do Sul,S ,REH Nº 2.280/2017,2280,2017,29/06/2018 00:00:00
59,Cosern,Concessionária,0.418,RN,133,0,22/04/2017,RESOLUÇÃO HOMOLOGATÓRIA Nº 2.221, DE 18 DE ABRIL DE 2017,222.82,195.18,418.00,418.00,Rio Grande do Norte,NE,REH Nº 2.221/2017,2221,2017,13/09/2017 00:00:00
60,CPFL Jaguari,Concessionária,0.418,SP,124,0,22/03/2017,RESOLUÇÃO HOMOLOGATÓRIA Nº 2.213, DE 21 DE MARÇO DE 2017,218.72,199.09,418.00,417.81,Sao Paulo,SE,REH Nº 2.213/2017,2213,2017,13/09/2017 00:00:00
61,CPFL Leste Paulista,Concessionária,0.461,SP,134,0,22/03/2017,RESOLUÇÃO HOMOLOGATÓRIA Nº 2.210, DE 21 DE MARÇO DE 2017,198.91,262.18,461.00,461.09,Sao Paulo,SE,REH Nº 2.210/2017,2210,2017,13/09/2017 00:00:00
62,CPFL Mococa,Concessionária,0.467,MG,125,0,22/03/2017,RESOLUÇÃO HOMOLOGATÓRIA Nº 2.212, DE 21 DE MARÇO DE 2017,192.67,274.43,467.00,467.10,Minas Gerais,SE,REH Nº 2.212/2017,2212,2017,13/09/2017 00:00:00
63,CPFL Paulista,Concessionária,0.404,SP,136,0,08/04/2017,RESOLUÇÃO HOMOLOGATÓRIA Nº 2.217, DE 4 DE ABRIL DE 2017,252.49,151.68,404.00,404.17,Sao Paulo,SE,REH Nº 2.217/2017,2217,2017,13/09/2017 00:00:00
64,CPFL Piratininga,Concessionária,0.406,SP,135,1,01/04/2017,RESOLUÇÃO HOMOLOGATÓRIA Nº 2.214, DE 28 DE MARÇO DE 2017,237.75,167.86,406.00,405.61,Sao Paulo,SE,REH Nº 2.214/2017,2214,2017,13/09/2017 00:00:00
65,CPFL Santa Cruz,Concessionária,0.467,MG,126,0,22/03/2017,RESOLUÇÃO HOMOLOGATÓRIA Nº 2.211, DE 21 DE MARÇO DE 2017,235.64,231.35,467.00,466.99,Minas Gerais,SE,REH Nº 2.211/2017,2211,2017,13/09/2017 00:00:00
66,CPFL Sul Paulista,Concessionária,0.472,SP,137,0,22/03/2017,RESOLUÇÃO HOMOLOGATÓRIA Nº 2.209, DE 21 DE MARÇO DE 2017,185.70,286.57,472.00,472.27,Sao Paulo,SE,REH Nº 2.209/2017,2209,2017,13/09/2017 00:00:00
67,Creluz-D,Permissionária,0.499,RS,246,0,30/07/2017,RESOLUÇÃO HOMOLOGATÓRIA Nº 2.277, DE 25 DE JULHO DE 2017,45.76,453.11,499.00,498.87,Rio Grande do Sul,S ,REH Nº 2.277/2017,2277,2017,29/06/2018 00:00:00
68,Creral,Permissionária,0.466,RS,247,0,30/07/2017,RESOLUÇÃO HOMOLOGATÓRIA Nº 2.274, DE 18 DE JULHO DE 2017,56.60,409.63,466.00,466.23,Rio Grande do Sul,S ,REH Nº 2.274/2017,2274,2017,29/06/2018 00:00:00
69,Demei,Concessionária,0.497,RS,138,0,22/07/2017,RESOLUÇÃO HOMOLOGATÓRIA Nº 2.272, DE 18 DE JULHO DE 2017,226.18,271.14,497.00,497.32,Rio Grande do Sul,S ,REH Nº 2.272/2017,2272,2017,29/06/2018 00:00:00
70,DMED,Concessionária,0.358,MG,139,1,01/04/2017,RESOLUÇÃO HOMOLOGATÓRIA Nº 2.214, DE 28 DE MARÇO DE 2017,151.89,206.00,358.00,357.89,Minas Gerais,SE,REH Nº 2.214/2017,2214,2017,13/09/2017 00:00:00
71,EBO,Concessionária,0.427,PB,140,2,01/04/2017,RESOLUÇÃO HOMOLOGATÓRIA Nº 2.214, DE 28 DE MARÇO DE 2017,213.58,213.50,427.00,427.08,Paraiba,NE,REH Nº 2.214/2017,2214,2017,13/09/2017 00:00:00
72,EFLJC,Concessionária,0.606,SC,143,0,29/08/2017,RESOLUÇÃO HOMOLOGATÓRIA Nº 2.297, DE 29 DE AGOSTO DE 2017,292.58,313.72,606.00,606.30,Santa Catarina,S ,REH Nº 2.297/2017,2297,2017,29/06/2018 00:00:00
73,Eflul,Concessionária,0.626,SC,144,0,29/08/2017,RESOLUÇÃO HOMOLOGATÓRIA Nº 2.294, DE 22 DE AGOSTO DE 2017,323.31,302.92,626.00,626.23,Santa Catarina,S ,REH Nº 2.294/2017,2294,2017,29/06/2018 00:00:00
74,Elektro,Concessionária,0.488,SP,145,0,27/08/2017,RESOLUÇÃO HOMOLOGATÓRIA Nº 2.290, DE 22 DE AGOSTO DE 2017,272.63,215.31,488.00,487.94,Sao Paulo,SE,REH Nº 2.290/2017,2290,2017,29/06/2018 00:00:00
75,Eletroacre,Concessionária,0.498,AC,146,1,01/04/2017,RESOLUÇÃO HOMOLOGATÓRIA Nº 2.214, DE 28 DE MARÇO DE 2017,220.08,277.74,498.00,497.82,Acre,N ,REH Nº 2.214/2017,2214,2017,13/09/2017 00:00:00
76,Eletrocar,Concessionária,0.505,RS,147,0,22/07/2017,RESOLUÇÃO HOMOLOGATÓRIA Nº 2.269, DE 11 DE JULHO DE 2017,248.91,255.79,505.00,504.70,Rio Grande do Sul,S ,REH Nº 2.269/2017,2269,2017,29/06/2018 00:00:00
77,Eletropaulo,Concessionária,0.420,SP,148,0,04/07/2017,RESOLUÇÃO HOMOLOGATÓRIA Nº 2.263, DE 27 DE JUNHO DE 2017,238.87,180.74,420.00,419.61,Sao Paulo,SE,REH Nº 2.263/2017,2263,2017,29/06/2018 00:00:00
78,ELFSM,Concessionária,0.539,ES,149,0,22/08/2017,RESOLUÇÃO HOMOLOGATÓRIA Nº 2.287, DE 15 DE AGOSTO DE 2017,254.78,284.52,539.00,539.30,Espirito Santo,SE,REH Nº 2.287/2017,2287,2017,29/06/2018 00:00:00
79,EMG,Concessionária,0.507,MG,150,0,22/06/2017,RESOLUÇÃO HOMOLOGATÓRIA Nº 2.254, DE 13 DE JUNHO DE 2017,259.09,248.29,507.00,507.38,Minas Gerais,SE,REH Nº 2.254/2017,2254,2017,29/06/2018 00:00:00
80,EMS,Concessionária,0.492,MS,151,0,08/04/2017,RESOLUÇÃO HOMOLOGATÓRIA Nº 2.215, DE 4 DE ABRIL DE 2017,243.51,248.58,492.00,492.09,Mato Grosso do Sul,CO,REH Nº 2.215/2017,2215,2017,13/09/2017 00:00:00
81,EMT,Concessionária,0.498,MT,117,0,08/04/2017,RESOLUÇÃO HOMOLOGATÓRIA Nº 2.216, DE 4 DE ABRIL DE 2017,260.10,238.17,498.00,498.27,Mato Grosso,CO,REH Nº 2.216/2017,2216,2017,13/09/2017 00:00:00
82,ENF,Concessionária,0.525,RJ,152,0,22/06/2017,RESOLUÇÃO HOMOLOGATÓRIA Nº 2.253, DE 13 DE JUNHO DE 2017,250.03,274.72,525.00,524.75,Rio de Janeiro,SE,REH Nº 2.253/2017,2253,2017,29/06/2018 00:00:00
83,EPB,Concessionária,0.495,PB,153,0,28/08/2017,RESOLUÇÃO HOMOLOGATÓRIA Nº 2.291, DE 22 DE AGOSTO DE 2017,229.53,265.07,495.00,494.60,Paraiba,NE,REH Nº 2.291/2017,2291,2017,29/06/2018 00:00:00
84,Escelsa,Concessionária,0.485,ES,154,0,07/08/2017,RESOLUÇÃO HOMOLOGATÓRIA Nº 2.283, DE 31 DE JULHO DE 2017,264.67,220.11,485.00,484.78,Espirito Santo,SE,REH Nº 2.283/2017,2283,2017,13/09/2017 00:00:00
85,ESE,Concessionária,0.468,SE,155,0,22/04/2017,RESOLUÇÃO HOMOLOGATÓRIA Nº 2.224, DE 18 DE ABRIL DE 2017,225.54,242.05,468.00,467.59,Sergipe,NE,REH Nº 2.224/2017,2224,2017,13/09/2017 00:00:00
86,ESS,Concessionária,0.433,SP,165,0,12/07/2017,RESOLUÇÃO HOMOLOGATÓRIA Nº 2.271, DE 11 DE JULHO DE 2017,236.03,196.93,433.00,432.96,Sao Paulo,SE,REH Nº 2.271/2017,2271,2017,13/09/2017 00:00:00
87,ETO,Concessionária,0.549,TO,115,0,04/07/2017,RESOLUÇÃO HOMOLOGATÓRIA Nº 2.262, DE 27 DE JUNHO DE 2017,240.28,308.94,549.00,549.22,Tocantins,N ,REH Nº 2.262/2017,2262,2017,29/06/2018 00:00:00
88,Forcel,Concessionária,0.483,PR,156,0,26/08/2017,RESOLUÇÃO HOMOLOGATÓRIA Nº 2.293, DE 22 DE AGOSTO DE 2017,182.03,300.58,483.00,482.61,Parana,S ,REH Nº 2.293/2017,2293,2017,29/06/2018 00:00:00
89,Hidropan,Concessionária,0.520,RS,157,0,22/07/2017,RESOLUÇÃO HOMOLOGATÓRIA Nº 2.268, DE 11 DE ABRIL DE 2017,255.37,264.77,520.00,520.14,Rio Grande do Sul,S ,REH Nº 2.268/2017,2268,2017,29/06/2018 00:00:00
90,Ienergia,Concessionária,0.460,SC,158,0,30/08/2017,RESOLUÇÃO HOMOLOGATÓRIA Nº 2.296, DE 29 DE AGOSTO DE 2017,245.22,214.60,460.00,459.82,Santa Catarina,S ,REH Nº 2.296/2017,2296,2017,29/06/2018 00:00:00
91,Light,Concessionária,0.527,RJ,160,2,01/04/2017,RESOLUÇÃO HOMOLOGATÓRIA Nº 2.214, DE 28 DE MARÇO DE 2017,265.92,260.73,527.00,526.65,Rio de Janeiro,SE,REH Nº 2.214/2017,2214,2017,13/09/2017 00:00:00
92,MuxEnergia,Concessionária,0.447,RS,161,0,22/07/2017,RESOLUÇÃO HOMOLOGATÓRIA Nº 2.270, DE 11 DE JULHO DE 2017,202.32,244.58,447.00,446.90,Rio Grande do Sul,S ,REH Nº 2.270/2017,2270,2017,29/06/2018 00:00:00
93,RGE,Concessionária,0.434,RS,162,0,19/06/2017,RESOLUÇÃO HOMOLOGATÓRIA Nº 2.252, DE 13 DE JUNHO DE 2017,233.47,200.39,434.00,433.86,Rio Grande do Sul,S ,REH Nº 2.252/2017,2252,2017,13/09/2017 00:00:00
94,RGE SUL,Concessionária,0.452,RS,101,0,19/04/2017,RESOLUÇÃO HOMOLOGATÓRIA Nº 2.218, DE 11 DE ABRIL DE 2017,252.03,199.99,452.00,452.02,Rio Grande do Sul,S ,REH Nº 2.218/2017,2218,2017,13/09/2017 00:00:00
95,Sulgipe,Concessionária,0.544,SE,163,0,22/05/2017,RESOLUÇÃO HOMOLOGATÓRIA Nº 2.242, DE 16 DE MAIO DE 2017,216.73,327.34,544.00,544.07,Sergipe,NE,REH Nº 2.242/2017,2242,2017,13/09/2017 00:00:00
96,Uhenpal,Concessionária,0.467,RS,164,0,22/05/2017,RESOLUÇÃO HOMOLOGATÓRIA Nº 2.243, DE 16 DE MAIO DE 2017,193.56,273.51,467.00,467.07,Rio Grande do Sul,S ,REH Nº 2.243/2017,2243,2017,13/09/2017 00:00:00
97,Ceal,Concessionária,0.516,AL,108,0,28/09/2017,RESOLUÇÃO HOMOLOGATÓRIA Nº 2.306, DE 26 DE SETEMBRO DE 2017,249.33,266.83,516.00,516.16,Alagoas,NE,REH Nº 2.306/2017,2306,2017,29/06/2018 00:00:00
98,Cepisa,Concessionária,0.554,PI,119,0,28/09/2017,RESOLUÇÃO HOMOLOGATÓRIA Nº 2.305, DE 26 DE SETEMBRO DE 2017,262.41,291.68,554.00,554.09,Piaui,NE,REH Nº 2.305/2017,2305,2017,29/06/2018 00:00:00
99,ESS,Concessionária,0.433,  ,165,0,12/07/2017,RESOLUÇÃO HOMOLOGATÓRIA Nº 2.271, DE 11 DE JULHO DE 2017,236.03,196.93,433.00,432.96,,  ,REH Nº 2.271/2017,2271,2017,10/10/2017 00:00:00
100,AmE,Concessionária,0.604,AM,102,0,01/11/2017,RESOLUÇÃO HOMOLOGATÓRIA Nº 2.337, DE 31 DE OUTUBRO DE 2017,268.71,335.70,604.00,604.41,Amazonas,N ,REH Nº 2.337/2017,2337,2017,29/06/2018 00:00:00
101,Bandeirante,Concessionária,0.487,SP,104,0,23/10/2017,RESOLUÇÃO HOMOLOGATÓRIA Nº 2.315, DE 17 DE OUTUBRO DE 2017,286.08,201.22,487.00,487.30,Sao Paulo,SE,REH Nº 2.315/2017,2315,2017,21/12/2017 00:00:00
102,Boa Vista,Concessionária,0.457,RR,105,0,01/11/2017,RESOLUÇÃO HOMOLOGATÓRIA Nº 2.336, DE 31 DE OUTUBRO DE 2017,234.14,222.63,457.00,456.77,Roraima,N ,REH Nº 2.336/2017,2336,2017,29/06/2018 00:00:00
103,CEA,Concessionária,0.537,AP,107,0,30/11/2017,RESOLUÇÃO HOMOLOGATÓRIA Nº 2.351, DE 28 DE NOVEMBRO DE 2017,149.85,387.43,537.00,537.28,Amapa,N ,REH Nº 2.351/2017,2351,2017,29/06/2018 00:00:00
104,CEB-DIS,Concessionária,0.482,DF,109,0,22/10/2017,RESOLUÇÃO HOMOLOGATÓRIA Nº 2.316, DE 17 DE OUTUBRO DE 2017,283.86,198.58,482.00,482.44,Distrito Federal,CO,REH Nº 2.316/2017,2316,2017,21/12/2017 00:00:00
105,Cedri,Permissionária,0.695,SP,202,1,01/11/2017,RESOLUÇÃO HOMOLOGATÓRIA Nº 2.329, DE 31 DE OUTUBRO DE 2017,150.81,544.29,695.00,695.10,Sao Paulo,SE,REH Nº 2.329/2017,2329,2017,29/06/2018 00:00:00
106,Cejama,Permissionária,0.514,SC,216,1,01/11/2017,RESOLUÇÃO HOMOLOGATÓRIA Nº 2.323, DE 31 DE OUTUBRO DE 2017,170.51,343.57,514.00,514.08,Santa Catarina,S ,REH Nº 2.323/2017,2323,2017,29/06/2018 00:00:00
107,Celg-D,Concessionária,0.486,GO,112,0,22/10/2017,RESOLUÇÃO HOMOLOGATÓRIA Nº 2.313, DE 17 DE OUTUBRO DE 2017,270.78,215.34,486.00,486.12,Goias,CO,REH Nº 2.313/2017,2313,2017,29/06/2018 00:00:00
108,Ceraça,Permissionária,0.431,SC,218,0,01/11/2017,RESOLUÇÃO HOMOLOGATÓRIA Nº 2.324, DE 31 DE OUTUBRO DE 2017,92.53,338.23,431.00,430.76,Santa Catarina,S ,REH Nº 2.324/2017,2324,2017,29/06/2018 00:00:00
109,Ceral Anitápolis,Permissionária,0.555,SC,219,0,30/10/2017,RESOLUÇÃO HOMOLOGATÓRIA Nº 2.330, DE 31 DE OUTUBRO DE 2017,142.31,413.01,555.00,555.32,Santa Catarina,S ,REH Nº 2.330/2017,2330,2017,29/06/2018 00:00:00
110,Cerbranorte,Permissionária,0.461,SC,220,1,01/11/2017,RESOLUÇÃO HOMOLOGATÓRIA Nº 2.331, DE 31 DE OUTUBRO DE 2017,183.25,277.39,461.00,460.64,Santa Catarina,S ,REH Nº 2.331/2017,2331,2017,29/06/2018 00:00:00
111,Cerej,Permissionária,0.498,SC,221,1,01/11/2017,RESOLUÇÃO HOMOLOGATÓRIA Nº 2.232, DE 31 DE OUTUBRO DE 2017,88.45,409.14,498.00,497.59,Santa Catarina,S ,REH Nº 2.232/2017,2232,2017,29/06/2018 00:00:00
112,Cergal,Permissionária,0.522,SC,222,1,01/11/2017,RESOLUÇÃO HOMOLOGATÓRIA Nº 2.322, DE 31 DE JANEIRO DE 2017,131.24,390.77,522.00,522.01,Santa Catarina,S ,REH Nº 2.322/2017,2322,2017,29/06/2018 00:00:00
113,Cergapa,Permissionária,0.450,SC,223,1,01/11/2017,RESOLUÇÃO HOMOLOGATÓRIA Nº 2.325, DE 31 DE OUTUBRO DE 2017,126.27,323.38,450.00,449.65,Santa Catarina,S ,REH Nº 2.325/2017,2325,2017,29/06/2018 00:00:00
114,Cergral,Permissionária,0.465,SC,224,0,01/11/2017,RESOLUÇÃO HOMOLOGATÓRIA Nº 2.338, DE 31 DE OUTUBRO DE 2017,120.18,344.80,465.00,464.98,Santa Catarina,S ,REH Nº 2.338/2017,2338,2017,29/06/2018 00:00:00
115,Cerim,Permissionária,0.573,SP,205,0,30/10/2017,RESOLUÇÃO HOMOLOGATÓRIA Nº 2.319, DE 24 DE OUTUBRO DE 2017,196.29,376.46,573.00,572.75,Sao Paulo,SE,REH Nº 2.319/2017,2319,2017,29/06/2018 00:00:00
116,CERMC,Permissionária,0.556,SP,208,0,30/11/2017,RESOLUÇÃO HOMOLOGATÓRIA Nº 2.352, DE 28 DE NOVEMBRO DE 2017,214.16,341.34,556.00,555.50,Sao Paulo,SE,REH Nº 2.352/2017,2352,2017,29/06/2018 00:00:00
117,Cermoful,Permissionária,0.417,SC,225,1,01/11/2017,RESOLUÇÃO HOMOLOGATÓRIA Nº 2.339, DE 31 DE OUTUBRO DE 2017,84.25,332.88,417.00,417.13,Santa Catarina,S ,REH Nº 2.339/2017,2339,2017,29/06/2018 00:00:00
118,Ceron,Concessionária,0.494,RO,120,0,30/11/2017,RESOLUÇÃO HOMOLOGATÓRIA Nº 2.380, DE 28 DE NOVEMBRO DE 2017,249.92,244.08,494.00,494.00,Rondonia,N ,REH Nº 2.380/2017,2380,2017,21/12/2017 00:00:00
119,Cerpalo,Permissionária,0.521,SC,226,1,01/11/2017,RESOLUÇÃO HOMOLOGATÓRIA Nº 2.340, DE 31 DE OUTUBRO DE 2017,115.85,405.51,521.00,521.36,Santa Catarina,S ,REH Nº 2.340/2017,2340,2017,29/06/2018 00:00:00
120,Cersul,Permissionária,0.346,SC,228,1,01/11/2017,RESOLUÇÃO HOMOLOGATÓRIA Nº 2.333, DE 31 DE OUTUBRO DE 2017,114.59,231.34,346.00,345.93,Santa Catarina,S ,REH Nº 2.333/2017,2333,2017,29/06/2018 00:00:00
121,Certrel,Permissionária,0.507,SC,229,1,01/11/2017,RESOLUÇÃO HOMOLOGATÓRIA Nº 2.328, DE 31 DE OUTUBRO DE 2017,32.33,474.94,507.00,507.27,Santa Catarina,S ,REH Nº 2.328/2017,2328,2017,29/06/2018 00:00:00
122,Cetril,Permissionária,0.637,SP,213,0,30/10/2017,RESOLUÇÃO HOMOLOGATÓRIA Nº 2.320, DE 20 DE OUTUBRO DE 2017,254.25,382.29,637.00,636.54,Sao Paulo,SE,REH Nº 2.320/2017,2320,2017,29/06/2018 00:00:00
123,Chesp,Concessionária,0.566,GO,123,0,22/11/2017,RESOLUÇÃO HOMOLOGATÓRIA Nº 2.346, DE 14 DE NOVEMBRO DE 2017,221.75,343.80,566.00,565.55,Goias,CO,REH Nº 2.346/2017,2346,2017,29/06/2018 00:00:00
124,Coopera,Permissionária,0.309,SC,230,1,01/11/2017,RESOLUÇÃO HOMOLOGATÓRIA Nº 2.327, DE 31 DE OUTUBRO DE 2017,116.92,192.32,309.00,309.24,Santa Catarina,S ,REH Nº 2.327/2017,2327,2017,29/06/2018 00:00:00
125,Coopercocal,Permissionária,0.357,SC,231,1,01/11/2017,RESOLUÇÃO HOMOLOGATÓRIA Nº 2.334, DE 31 DE OUTUBRO DE 2017,96.70,260.02,357.00,356.72,Santa Catarina,S ,REH Nº 2.334/2017,2334,2017,29/06/2018 00:00:00
126,Coopermila,Permissionária,0.440,SC,232,1,01/11/2017,RESOLUÇÃO HOMOLOGATÓRIA Nº 2.326, DE 31 DE OUTUBRO DE 2017,160.55,279.70,440.00,440.25,Santa Catarina,S ,REH Nº 2.326/2017,2326,2017,29/06/2018 00:00:00
127,Coorsel,Permissionária,0.505,SC,234,1,01/11/2017,RESOLUÇÃO HOMOLOGATÓRIA Nº 2.335, DE 31 DE OUTUBRO DE 2017,176.79,328.24,505.00,505.03,Santa Catarina,S ,REH Nº 2.335/2017,2335,2017,29/06/2018 00:00:00
128,CPFL Piratininga,Concessionária,0.466,SP,135,0,23/10/2017,RESOLUÇÃO HOMOLOGATÓRIA Nº 2.314, DE 17 DE OUTUBRO DE 2017,282.09,183.57,466.00,465.66,Sao Paulo,SE,REH Nº 2.314/2017,2314,2017,29/06/2018 00:00:00
129,DMED,Concessionária,0.414,MG,139,0,22/11/2017,RESOLUÇÃO HOMOLOGATÓRIA Nº 2.345, DE 14 DE NOVEMBRO DE 2017,195.15,219.05,414.00,414.20,Minas Gerais,SE,REH Nº 2.345/2017,2345,2017,29/06/2018 00:00:00
130,Eletroacre,Concessionária,0.510,AC,146,0,30/11/2017,RESOLUÇÃO HOMOLOGATÓRIA Nº 2.348, DE 21 DE NOVEMBRO DE 2017,189.73,320.20,510.00,509.93,Acre,N ,REH Nº 2.348/2017,2348,2017,29/06/2018 00:00:00
131,CEB-DIS,Concessionária,0.525,DF,109,1,22/10/2017,,318.68,206.11,525.00,524.79,Distrito Federal,CO,,0,2017,29/06/2018 00:00:00
132,CEEE-D,Concessionária,0.505,RS,110,0,21/12/2017,RESOLUÇÃO HOMOLOGATÓRIA Nº 2.361, DE 19 DE DEZEMBRO DE 2017,272.46,232.96,505.00,505.42,Rio Grande do Sul,S ,REH Nº 2.361/2017,2361,2017,29/06/2018 00:00:00
133,Celpe,Concessionária,0.522,PE,114,0,29/04/2018,RESOLUÇÃO HOMOLOGATÓRIA Nº 2.388, DE 24 DE ABRIL DE 2018,246.24,275.32,522.00,521.56,Pernambuco,NE,REH Nº 2.388/2018,2388,2018,29/06/2018 00:00:00
134,Cemig-D,Concessionária,0.587,MG,118,0,28/05/2018,RESOLUÇÃO HOMOLOGATÓRIA Nº 2.396, DE 22 DE MAIO DE 2018,268.01,318.83,587.00,586.84,Minas Gerais,SE,REH Nº 2.396/2018,2396,2018,29/06/2018 00:00:00
135,Ceprag,Permissionária,0.565,SC,217,0,22/12/2017,RESOLUÇÃO HOMOLOGATÓRIA Nº 2.362, DE 19 DE DEZEMBRO DE 2017,115.75,448.85,565.00,564.60,Santa Catarina,S ,REH Nº 2.362/2017,2362,2017,29/06/2018 00:00:00
136,Cercos,Permissionária,0.744,SE,254,0,29/04/2018,RESOLUÇÃO HOMOLOGATÓRIA Nº 2.390, DE 24 DE ABRIL DE 2018,261.00,483.47,744.00,744.47,Sergipe,NE,REH Nº 2.390/2018,2390,2018,29/06/2018 00:00:00
137,Ceres,Permissionária,0.765,RJ,252,0,29/04/2018,RESOLUÇÃO HOMOLOGATÓRIA Nº 2.389, DE 24 DE ABRIL DE 2018,198.30,566.68,765.00,764.98,Rio de Janeiro,SE,REH Nº 2.389/2018,2389,2018,29/06/2018 00:00:00
138,Ceripa,Permissionária,0.473,SP,206,0,29/04/2018,RESOLUÇÃO HOMOLOGATÓRIA Nº 2.391, DE 24 DE ABRIL DE 2018,241.64,231.51,473.00,473.15,Sao Paulo,SE,REH Nº 2.391/2018,2391,2018,29/06/2018 00:00:00
139,Cernhe,Permissionária,0.462,SP,209,0,17/05/2018,RESOLUÇÃO HOMOLOGATÓRIA Nº 2.394, DE 15 DE MAIO DE 2018,240.64,221.28,462.00,461.92,Sao Paulo,SE,REH Nº 2.394/2018,2394,2018,29/06/2018 00:00:00
140,Ceron,Concessionária,0.494,RO,120,0,30/11/2017,RESOLUÇÃO HOMOLOGATÓRIA Nº 2.350, DE 28 DE NOVEMBRO DE 2017,249.92,244.08,494.00,494.00,Rondonia,N ,REH Nº 2.350/2017,2350,2017,29/06/2018 00:00:00
141,Cerpro,Permissionária,0.505,SP,210,0,29/05/2018,RESOLUÇÃO HOMOLOGATÓRIA Nº 2.399, DE 22 DE MAIO DE 2018,271.51,233.45,505.00,504.96,Sao Paulo,SE,REH Nº 2.399/2018,2399,2018,29/06/2018 00:00:00
142,CERRP,Permissionária,0.538,SP,211,0,15/04/2018,RESOLUÇÃO HOMOLOGATÓRIA Nº 2.384, DE 17 DE ABRIL DE 2018,190.43,348.00,538.00,538.43,Sao Paulo,SE,REH Nº 2.384/2018,2384,2018,29/06/2018 00:00:00
143,Certaja,Permissionária,0.596,RS,239,0,29/05/2018,RESOLUÇÃO HOMOLOGATÓRIA Nº 2.398, DE 22 DE MAIO DE 2018,236.47,359.52,596.00,595.99,Rio Grande do Sul,S ,REH Nº 2.398/2018,2398,2018,29/06/2018 00:00:00
144,Coelba,Concessionária,0.519,BA,129,0,22/04/2018,RESOLUÇÃO HOMOLOGATÓRIA Nº 2.382, DE 17 DE ABRIL DE 2018,220.98,298.39,519.00,519.37,Bahia,NE,REH Nº 2.382/2018,2382,2018,29/06/2018 00:00:00
145,Cosern,Concessionária,0.481,RN,133,0,22/04/2018,RESOLUÇÃO HOMOLOGATÓRIA Nº 2.386, DE 17 DE ABRIL DE 2018,243.62,237.19,481.00,480.81,Rio Grande do Norte,NE,REH Nº 2.386/2018,2386,2018,29/06/2018 00:00:00
146,CPFL Paulista,Concessionária,0.485,SP,136,0,08/04/2018,RESOLUÇÃO HOMOLOGATÓRIA Nº 2.381, DE 3 DE ABRIL DE 2018,277.26,207.37,485.00,484.63,Sao Paulo,SE,REH Nº 2.381/2018,2381,2018,29/06/2018 00:00:00
147,CPFL Santa Cruz,Concessionária,0.491,SP,166,0,22/03/2018,RESOLUÇÃO HOMOLOGATÓRIA Nº 2.376, DE 13 DE MARÇO DE 2018,228.49,262.96,491.00,491.45,Sao Paulo,SE,REH Nº 2.376/2018,2376,2018,29/06/2018 00:00:00
148,EBO,Concessionária,0.499,PB,140,0,04/02/2018,RESOLUÇÃO HOMOLOGATÓRIA Nº 2.367, DE 30 DE JANEIRO DE 2018,267.77,231.08,499.00,498.85,Paraiba,NE,REH Nº 2.367/2018,2367,2018,29/06/2018 00:00:00
149,EDP ES,Concessionária,0.485,ES,154,0,07/08/2017,RESOLUÇÃO HOMOLOGATÓRIA Nº 2.283, DE 31 DE JULHO DE 2017,264.67,220.11,485.00,484.78,Espirito Santo,SE,REH Nº 2.283/2017,2283,2017,29/06/2018 00:00:00
150,EDP SP,Concessionária,0.487,SP,104,0,23/10/2017,RESOLUÇÃO HOMOLOGATÓRIA Nº 2.315, DE 17 DE OUTUBRO DE 2017,286.08,201.22,487.00,487.30,Sao Paulo,SE,REH Nº 2.315/2017,2315,2017,29/06/2018 00:00:00
151,EMS,Concessionária,0.545,MS,151,0,08/04/2018,RESOLUÇÃO HOMOLOGATÓRIA Nº 2.380, DE 3 DE ABRIL DE 2018,244.68,300.33,545.00,545.01,Mato Grosso do Sul,CO,REH Nº 2.380/2018,2380,2018,29/06/2018 00:00:00
152,EMT,Concessionária,0.568,MT,117,0,08/04/2018,RESOLUÇÃO HOMOLOGATÓRIA Nº 2.379, DE 3 DE ABRIL DE 2018,264.46,303.79,568.00,568.25,Mato Grosso,CO,REH Nº 2.379/2018,2379,2018,29/06/2018 00:00:00
153,Enel CE,Concessionária,0.492,CE,130,0,22/04/2018,RESOLUÇÃO HOMOLOGATÓRIA Nº 2.383, DE 17 DE ABRIL DE 2018,253.09,239.36,492.00,492.45,Ceara,NE,REH Nº 2.383/2018,2383,2018,29/06/2018 00:00:00
154,Enel RJ,Concessionária,0.623,RJ,103,0,15/03/2018,RESOLUÇÃO HOMOLOGATÓRIA Nº 2.377, DE 13 DE MARÇO DE 2018,260.35,362.26,623.00,622.61,Rio de Janeiro,SE,REH Nº 2.377/2018,2377,2018,29/06/2018 00:00:00
155,ESE,Concessionária,0.514,SE,155,0,22/04/2018,RESOLUÇÃO HOMOLOGATÓRIA Nº 2.387, DE 17 DE ABRIL DE 2018,244.74,269.56,514.00,514.30,Sergipe,NE,REH Nº 2.387/2018,2387,2018,29/06/2018 00:00:00
156,Light,Concessionária,0.575,RJ,160,0,15/03/2018,RESOLUÇÃO HOMOLOGATÓRIA Nº 2.375, DE 13 DE MARÇO DE 2018,269.34,305.64,575.00,574.98,Rio de Janeiro,SE,REH Nº 2.375/2018,2375,2018,29/06/2018 00:00:00
157,RGE,Concessionária,0.528,RS,162,0,19/06/2018,RESOLUÇÃO HOMOLOGATÓRIA Nº 2.401, DE 12 DE JUNHO DE 2018,262.59,265.00,528.00,527.59,Rio Grande do Sul,S ,REH Nº 2.401/2018,2401,2018,29/06/2018 00:00:00
158,RGE SUL,Concessionária,0.547,RS,101,0,19/04/2018,RESOLUÇÃO HOMOLOGATÓRIA Nº 2.385, DE 17 DE ABRIL DE 2018,296.82,250.50,547.00,547.32,Rio Grande do Sul,S ,REH Nº 2.385/2018,2385,2018,29/06/2018 00:00:00
159,Sulgipe,Concessionária,0.643,SE,163,0,22/05/2018,RESOLUÇÃO HOMOLOGATÓRIA Nº 2.395, DE 15 DE MAIO DE 2018,271.39,372.10,643.00,643.49,Sergipe,NE,REH Nº 2.395/2018,2395,2018,29/06/2018 00:00:00
160,Uhenpal,Concessionária,0.545,RS,164,0,22/05/2018,RESOLUÇÃO HOMOLOGATÓRIA Nº 2.397, DE 22 DE MAIO DE 2018,221.41,323.90,545.00,545.31,Rio Grande do Sul,S ,REH Nº 2.397/2018,2397,2018,29/06/2018 00:00:00
